{"edd": 0.00261612, "ede": 0.005749380000000001, "edi": 0.006692400000000001, "iei": 0.011028959999999999, "ddi": 0.015384599999999998, "eei": 0.0027986400000000002, "iee": 0.022657319999999998, "ied": 0.028637999999999997, "dde": 0.01321677, "ddd": 0.006013979999999999, "eee": 0.005749380000000001, "iie": 0.02013984, "iid": 0.027492479999999996, "iii": 0.01294704, "dii": 0.00755244, "did": 0.016037279999999998, "die": 0.011748239999999998, "dei": 0.006433559999999999, "eie": 0.005110560000000001, "eid": 0.006976320000000001, "idi": 0.026373599999999997, "eii": 0.0032853600000000006, "eed": 0.007267000000000001, "idd": 0.010309679999999998, "ide": 0.022657319999999998, "ded": 0.016705499999999998, "dee": 0.01321677}