{"edd": 0.00219472, "ede": 0.0016649600000000003, "edi": 0.006149000000000001, "iei": 0.0033250000000000003, "ddi": 0.010556000000000001, "eei": 0.00224675, "iee": 0.0037730000000000003, "ied": 0.006496, "dde": 0.0028582400000000006, "ddd": 0.0037676800000000002, "eee": 0.00254947, "iie": 0.0036960000000000005, "iid": 0.007308, "iii": 0.0028000000000000004, "dii": 0.0032480000000000005, "did": 0.00847728, "die": 0.0042873600000000005, "dei": 0.0038570000000000006, "eie": 0.00249744, "eid": 0.00493812, "idi": 0.0091, "eii": 0.001892, "eed": 0.00438944, "idd": 0.003248, "ide": 0.0024640000000000005, "ded": 0.0075353600000000005, "dee": 0.00437668}