{"edd": 0.0, "ede": 0.0, "edi": 0.0, "iei": 0.009234000000000001, "ddi": 0.0131625, "eei": 0.0, "iee": 0.013680000000000001, "ied": 0.031600800000000005, "dde": 0.014137499999999999, "ddd": 0.0085995, "eee": 0.0, "iie": 0.012312, "iid": 0.028728, "iii": 0.011819520000000002, "dii": 0.008424000000000001, "did": 0.020475, "die": 0.008775, "dei": 0.00658125, "eie": 0.0, "eid": 0.0, "idi": 0.018468000000000002, "eii": 0.0, "eed": 0.0, "idd": 0.012065759999999998, "ide": 0.019836, "ded": 0.0225225, "dee": 0.009750000000000002}