{"edd": 0.00294525, "ede": 0.032486999999999995, "edi": 0.015351, "iei": 0.0023000000000000004, "ddi": 0.006811200000000001, "eei": 0.008211000000000001, "iee": 0.009625000000000002, "ied": 0.0037950000000000006, "dde": 0.0144144, "ddd": 0.0013068, "eee": 0.034361249999999996, "iie": 0.007875, "iid": 0.007425000000000001, "iii": 0.0009, "dii": 0.0014256, "did": 0.011761200000000003, "die": 0.012474, "dei": 0.003643200000000001, "eie": 0.02811375, "eid": 0.026507250000000003, "idi": 0.004300000000000001, "eii": 0.0032129999999999997, "eed": 0.013548150000000002, "idd": 0.0008250000000000001, "ide": 0.0091, "ded": 0.006011280000000001, "dee": 0.015246000000000001}