{"edd": 0.0016964999999999999, "ede": 0.001125, "edi": 0.0018720000000000002, "iei": 0.00626886, "ddi": 0.015741440000000002, "eei": 0.0011114999999999999, "iee": 0.0, "ied": 0.02318463, "dde": 0.009460000000000001, "ddd": 0.01426568, "eee": 0.0, "iie": 0.006345000000000001, "iid": 0.02171259, "iii": 0.005279040000000001, "dii": 0.007870720000000001, "did": 0.03237212, "die": 0.009460000000000001, "dei": 0.00934648, "eie": 0.001125, "eid": 0.0038497499999999994, "idi": 0.010558080000000003, "eii": 0.0009360000000000001, "eed": 0.00411075, "idd": 0.00956826, "ide": 0.006345000000000001, "ded": 0.03456684, "dee": 0.0}