{"edd": 0.05159, "ede": 0.03989999999999999, "edi": 0.0343, "iei": 0.0, "ddi": 0.0, "eei": 0.09309999999999997, "iee": 0.0, "ied": 0.0, "dde": 0.0, "ddd": 0.0, "eee": 0.06089999999999999, "iie": 0.0, "iid": 0.0, "iii": 0.0, "dii": 0.0, "did": 0.0, "die": 0.0, "dei": 0.0, "eie": 0.06089999999999999, "eid": 0.008469999999999998, "idi": 0.0, "eii": 0.147, "eed": 0.02541, "idd": 0.0, "ide": 0.0, "ded": 0.0, "dee": 0.0}