{"edd": 0.0, "ede": 0.0, "edi": 0.0, "iei": 0.030449999999999994, "ddi": 0.0076705, "eei": 0.0, "iee": 0.0231, "ied": 0.0, "dde": 0.0, "ddd": 0.0274505, "eee": 0.0, "iie": 0.00231, "iid": 0.012477499999999999, "iii": 0.036539999999999996, "dii": 0.024012, "did": 0.0081995, "die": 0.0015180000000000003, "dei": 0.02001, "eie": 0.0, "eid": 0.0, "idi": 0.011672499999999999, "eii": 0.0, "eed": 0.0, "idd": 0.0417725, "ide": 0.0, "ded": 0.0, "dee": 0.01518}